Season,Team_ID,Team_Name,Team_Rank,Conference,Avg_Out_Degree,Degree_Assortativity,Global_Clustering_NBA,Mean_Eigenvector
2001,1610612751,Nets,1,East,8.25,,0.7287234042553191,0.17207273954180244
2001,1610612758,Kings,1,West,8.857142857142858,,0.811284046692607,0.1976187595043957
2001,1610612765,Pistons,2,East,8.2,-0.19497170131437536,0.7393715341959335,0.1939311703458849
2001,1610612759,Spurs,2,West,9.666666666666666,-0.16666666666667584,0.7639087018544936,0.19928148074694332
2001,1610612747,Lakers,3,West,9.333333333333334,,0.8566121842496285,0.18945218779335146
2001,1610612738,Celtics,3,East,9.4375,,0.8065642458100558,0.17282364510399298
2001,1610612742,Mavericks,4,West,9.368421052631579,-0.1847634565494168,0.7262168141592921,0.15648682160079486
2001,1610612766,Hornets,4,East,9.642857142857142,,0.8543307086614174,0.21321308238756115
2001,1610612750,Timberwolves,5,West,10.0,-0.18424280592488151,0.7803797468354431,0.1776304695421272
2001,1610612753,Magic,5,East,9.117647058823529,,0.7097170971709718,0.17469987540862997
2001,1610612755,76ers,6,East,8.222222222222221,0.34125007385088446,0.7044854881266491,0.16035810679104373
2001,1610612757,Trail Blazers,6,West,10.066666666666666,-0.0867109969524066,0.771353482260184,0.1840063349181907
2001,1610612760,SuperSonics,7,West,10.0,0.19874385524513138,0.7533577533577533,0.1843862442775998
2001,1610612761,Raptors,7,East,9.235294117647058,0.4999999999999998,0.7339901477832512,0.17517281417273148
2001,1610612754,Pacers,8,East,8.944444444444445,-0.25312059282523214,0.7112232030264817,0.16628680720872968
2001,1610612762,Jazz,8,West,11.357142857142858,,0.8842925659472423,0.21466751387717184
2001,1610612746,Clippers,9,West,8.625,-0.13822436361027127,0.7487644151565074,0.18494238336799212
2001,1610612749,Bucks,9,East,9.571428571428571,,0.836405529953917,0.20454732992913696
2001,1610612764,Wizards,10,East,10.857142857142858,,0.8543505674653216,0.22648892085087044
2001,1610612756,Suns,10,West,9.473684210526315,,0.7450365726227796,0.15769557828225853
2001,1610612745,Rockets,11,West,10.285714285714286,,0.8118811881188119,0.22501286281031346
2001,1610612748,Heat,11,East,9.117647058823529,-0.5503330835653103,0.7486979166666666,0.17628694965791067
2001,1610612743,Nuggets,12,West,11.476190476190476,-0.20187281824622894,0.6729857819905213,0.16636091121429733
2001,1610612737,Hawks,12,East,8.61111111111111,-0.4958610356264209,0.71125,0.17540791998107785
2001,1610612752,Knicks,13,East,8.571428571428571,-0.3824731549869965,0.794010889292196,0.19373433820990132
2001,1610612763,Grizzlies,13,West,9.470588235294118,-0.4647580015448906,0.7506297229219143,0.175662528860467
2001,1610612739,Cavaliers,14,East,10.333333333333334,-0.15811388300841803,0.818407960199005,0.19663822695565253
2001,1610612744,Warriors,14,West,8.866666666666667,0.12251277836632447,0.8098006644518272,0.18655062299955325
2001,1610612741,Bulls,15,East,12.166666666666666,,0.7906458797327395,0.20585514107763392
2002,1610612759,Spurs,1,West,9.4,,0.8870967741935484,0.19389570240433077
2002,1610612765,Pistons,1,East,9.5,,0.8690280065897859,0.20926665748840212
2002,1610612758,Kings,2,West,9.857142857142858,,0.8421052631578947,0.204868621228405
2002,1610612751,Nets,2,East,9.642857142857142,,0.8388625592417062,0.19745406242603078
2002,1610612754,Pacers,3,East,10.0,,0.8505434782608695,0.19256273654753078
2002,1610612742,Mavericks,3,West,9.823529411764707,,0.795227524972253,0.1674636649894774
2002,1610612755,76ers,4,East,8.9375,-0.33861322520316195,0.7219061166429588,0.18139131581104606
2002,1610612750,Timberwolves,4,West,10.5,,0.8454172366621067,0.2061225381925423
2002,1610612740,Hornets,5,East,9.9375,,0.8438271604938271,0.18074506403444596
2002,1610612747,Lakers,5,West,10.142857142857142,,0.8456614509246089,0.19518511528438895
2002,1610612757,Trail Blazers,6,West,8.928571428571429,,0.9172413793103448,0.21414043003432084
2002,1610612738,Celtics,6,East,8.875,,0.7830330330330331,0.1805608803120441
2002,1610612762,Jazz,7,West,10.0,,0.8506600660066007,0.2035302384769371
2002,1610612749,Bucks,7,East,9.0,,0.7619738751814223,0.19241907825550536
2002,1610612753,Magic,8,East,10.529411764705882,-0.2581988897471615,0.7576219512195121,0.18286004221406085
2002,1610612756,Suns,8,West,9.214285714285714,,0.8008196721311476,0.20386247750417227
2002,1610612745,Rockets,9,West,8.933333333333334,,0.7755102040816326,0.20410406998737687
2002,1610612764,Wizards,9,East,8.0625,-0.297181632650099,0.7305785123966942,0.18159439428476387
2002,1610612752,Knicks,10,East,9.307692307692308,,0.8417602996254682,0.21650806432961867
2002,1610612760,SuperSonics,10,West,9.117647058823529,-0.06711560552140897,0.6998663101604278,0.17373782504291316
2002,1610612737,Hawks,11,East,7.75,-0.46324069049193234,0.7037037037037037,0.13577450514464035
2002,1610612744,Warriors,11,West,7.875,-0.4714045207910317,0.7984934086629002,0.1613184018936642
2002,1610612741,Bulls,12,East,10.866666666666667,,0.8514150943396226,0.19879886238660324
2002,1610612763,Grizzlies,12,West,8.470588235294118,,0.7893617021276595,0.1854691649039622
2002,1610612746,Clippers,13,West,11.666666666666666,,0.8496395468589083,0.2173379116739805
2002,1610612748,Heat,13,East,9.714285714285714,,0.8216374269005848,0.21916480510149278
2002,1610612743,Nuggets,14,West,11.571428571428571,-0.2670609888079387,0.7603686635944701,0.15786496784705434
2002,1610612761,Raptors,14,East,9.38888888888889,,0.7522421524663677,0.1722339750402079
2002,1610612739,Cavaliers,15,East,10.357142857142858,-0.1084652289093258,0.8512747875354107,0.20725131289638754
2003,1610612754,Pacers,1,East,8.8,-0.15483088432133943,0.7729508196721312,0.1894519872111143
2003,1610612750,Timberwolves,1,West,9.352941176470589,-0.4380836995673528,0.7636010362694301,0.15966856970154508
2003,1610612751,Nets,2,East,9.11111111111111,-0.4429426993356732,0.7900355871886121,0.15390522950396415
2003,1610612747,Lakers,2,West,10.0,,0.8191964285714286,0.17432788747653538
2003,1610612765,Pistons,3,East,10.176470588235293,-0.08751750525175006,0.7722342733188721,0.1726171769537103
2003,1610612759,Spurs,3,West,9.352941176470589,,0.8057598039215687,0.17802098849349476
2003,1610612758,Kings,4,West,9.615384615384615,,0.830948121645796,0.21245413133367433
2003,1610612748,Heat,4,East,7.529411764705882,-0.21538623174966393,0.6680327868852459,0.16964323791559002
2003,1610612740,Hornets,5,East,9.5625,,0.8364116094986808,0.1889523055278789
2003,1610612742,Mavericks,5,West,9.76923076923077,,0.8253706754530478,0.20692543150904158
2003,1610612749,Bucks,6,East,9.125,,0.7960893854748603,0.19283045027337986
2003,1610612763,Grizzlies,6,West,8.8125,-0.1789791505852648,0.7582582582582582,0.19433091300057692
2003,1610612745,Rockets,7,West,9.411764705882353,-0.1063907210856803,0.7534504391468005,0.15842359308833326
2003,1610612752,Knicks,7,East,11.333333333333334,0.008749276457788455,0.7077192982456141,0.16294058568307684
2003,1610612738,Celtics,8,East,8.842105263157896,-0.45933241466942415,0.6956018518518519,0.16932039838745463
2003,1610612743,Nuggets,8,West,9.066666666666666,,0.788109756097561,0.19073530122273616
2003,1610612762,Jazz,9,West,10.38888888888889,-0.22582058790249593,0.750236518448439,0.18369971321702142
2003,1610612739,Cavaliers,9,East,10.35,-0.327968024676314,0.7125,0.15612171837011363
2003,1610612757,Trail Blazers,10,West,8.434782608695652,-0.12158300131394331,0.6455756422454805,0.13274841007281174
2003,1610612761,Raptors,10,East,8.521739130434783,-0.07638370829508462,0.6334641805691855,0.1251992487722886
2003,1610612755,76ers,11,East,10.642857142857142,,0.8282493368700266,0.23372439002364928
2003,1610612744,Warriors,11,West,8.3125,,0.7909090909090909,0.18213233448840263
2003,1610612760,SuperSonics,12,West,10.846153846153847,,0.9115168539325843,0.23469668659097712
2003,1610612737,Hawks,12,East,7.869565217391305,-0.6272576194503878,0.5220243673851921,0.13703877869818104
2003,1610612764,Wizards,13,East,10.375,,0.863169897377423,0.20672735432288183
2003,1610612756,Suns,13,West,9.5,-0.2553893477316274,0.7382022471910112,0.17175147615311687
2003,1610612741,Bulls,14,East,11.571428571428571,-0.09131038935606377,0.7171885409726849,0.15645974603321275
2003,1610612746,Clippers,14,West,10.9375,,0.9232365145228216,0.18982230269573142
2003,1610612753,Magic,15,East,9.142857142857142,-0.3202279305360797,0.6547733847637416,0.13862547513269996
2004,1610612748,Heat,1,East,9.470588235294118,-0.06198598765682361,0.7475786924939467,0.16717050708572587
2004,1610612756,Suns,1,West,7.5,-0.5236436596535972,0.6827586206896552,0.14269621290042175
2004,1610612759,Spurs,2,West,10.4375,,0.7448200654307524,0.19563908395919594
2004,1610612765,Pistons,2,East,8.823529411764707,,0.7156862745098039,0.15555294968721672
2004,1610612741,Bulls,3,East,9.8,,0.8704939919893191,0.20776977036987437
2004,1610612742,Mavericks,3,West,8.933333333333334,,0.7842105263157895,0.19212412770777748
2004,1610612738,Celtics,4,East,10.666666666666666,,0.8038366336633663,0.1990243889898944
2004,1610612760,SuperSonics,4,West,8.571428571428571,-0.4976901312572976,0.7461685823754789,0.2058331427620687
2004,1610612745,Rockets,5,West,8.826086956521738,-0.28796258628916854,0.6803977272727273,0.1322148599110246
2004,1610612764,Wizards,5,East,10.4375,,0.8008658008658008,0.1724293217402751
2004,1610612754,Pacers,6,East,9.4,,0.6774791473586654,0.15875409825511272
2004,1610612758,Kings,6,West,11.0,,0.8017857142857143,0.1718636556977915
2004,1610612743,Nuggets,7,West,10.0625,,0.8265661252900232,0.19353072744016075
2004,1610612755,76ers,7,East,9.764705882352942,-0.25061832864413314,0.7585616438356164,0.18841638914635214
2004,1610612751,Nets,8,East,9.590909090909092,-0.5775860667363936,0.7368630573248408,0.14504950379760925
2004,1610612763,Grizzlies,8,West,9.933333333333334,,0.8425559947299077,0.21042322787425896
2004,1610612739,Cavaliers,9,East,8.875,-0.07449477626178527,0.737885462555066,0.17283519582432585
2004,1610612750,Timberwolves,9,West,9.428571428571429,,0.7888888888888889,0.20612364617553974
2004,1610612746,Clippers,10,West,9.411764705882353,,0.8263288009888752,0.17018089393460067
2004,1610612753,Magic,10,East,9.055555555555555,-0.20309055097314196,0.6456876456876457,0.1814705540959703
2004,1610612747,Lakers,11,West,9.625,,0.8017902813299232,0.18512796245226182
2004,1610612761,Raptors,11,East,8.4375,-0.6666666666666686,0.7115987460815048,0.18707868228760977
2004,1610612752,Knicks,12,East,9.444444444444445,0.3190356668459832,0.7251732101616628,0.16330041352791078
2004,1610612744,Warriors,12,West,10.277777777777779,0.07629388237783856,0.729296066252588,0.17437706388056012
2004,1610612749,Bucks,13,East,9.277777777777779,-0.46432049783717994,0.6790960451977401,0.16007220328504757
2004,1610612757,Trail Blazers,13,West,9.235294117647058,,0.8147459727385378,0.19054021523901846
2004,1610612762,Jazz,14,West,12.411764705882353,,0.8444530643910008,0.18924322640702979
2004,1610612766,Bobcats,14,East,10.736842105263158,-0.010763271222741655,0.7026578073089701,0.16816542284794378
2004,1610612737,Hawks,15,East,10.578947368421053,-0.23722425515677126,0.7408637873754153,0.18133419402494672
2004,1610612740,Hornets,15,West,11.863636363636363,-0.2617993690358385,0.6902336728579987,0.15504250291289867
2005,1610612759,Spurs,1,West,10.571428571428571,,0.8409387222946545,0.21869730834061993
2005,1610612765,Pistons,1,East,8.294117647058824,0.17067193622183172,0.7106109324758842,0.15179138922667706
2005,1610612742,Mavericks,2,West,10.0,0.0,0.7752293577981652,0.18580539303382604
2005,1610612748,Heat,2,East,9.8125,,0.7247596153846154,0.18402571492046504
2005,1610612739,Cavaliers,3,East,9.1875,0.5773502691896257,0.7122708039492243,0.1846883209359258
2005,1610612756,Suns,3,West,7.529411764705882,-0.39617301277043343,0.6778523489932886,0.16450933996159658
2005,1610612743,Nuggets,4,West,10.294117647058824,,0.8351528384279476,0.1791240499422268
2005,1610612751,Nets,4,East,8.882352941176471,,0.7354533152909337,0.1520275088291842
2005,1610612763,Grizzlies,5,West,9.75,-0.27615442779618243,0.7641509433962265,0.18830015638804587
2005,1610612764,Wizards,5,East,9.0,-0.03857583749052683,0.687800963081862,0.16483981899783687
2005,1610612746,Clippers,6,West,9.666666666666666,-0.04998310588675704,0.7798423423423423,0.15732629432590292
2005,1610612754,Pacers,6,East,10.066666666666666,,0.8190661478599222,0.21262635528216917
2005,1610612741,Bulls,7,East,8.157894736842104,-0.4066123844871783,0.741875,0.15938195707820116
2005,1610612747,Lakers,7,West,8.058823529411764,0.0,0.7260726072607261,0.16600276493191748
2005,1610612749,Bucks,8,East,8.866666666666667,,0.8178913738019169,0.19329293332173236
2005,1610612758,Kings,8,West,9.2,,0.7985781990521327,0.19315263807558625
2005,1610612755,76ers,9,East,8.6,-0.12064426264701726,0.6593495934959349,0.18252873993354699
2005,1610612762,Jazz,9,West,11.133333333333333,-0.06960491968844672,0.835005574136009,0.20305917753770633
2005,1610612740,Hornets,10,West,9.0,0.13074763653858112,0.6656839622641509,0.15829355327465824
2005,1610612753,Magic,10,East,10.38888888888889,-0.3113340103051537,0.6839847473784557,0.16453630318853749
2005,1610612738,Celtics,11,East,10.38888888888889,-0.2284243340468411,0.7659251769464105,0.17429264556378896
2005,1610612760,SuperSonics,11,West,8.947368421052632,-0.1069740230681304,0.6411830357142857,0.16645556692473376
2005,1610612745,Rockets,12,West,9.5,-0.19870668156365445,0.6502808988764045,0.15247924425415738
2005,1610612761,Raptors,12,East,8.625,-0.34529734616382457,0.6817472698907956,0.17677891996209666
2005,1610612744,Warriors,13,West,9.333333333333334,-0.11002200660220897,0.7821316614420063,0.19503809901961552
2005,1610612766,Bobcats,13,East,11.25,,0.8164300202839757,0.20802937664939158
2005,1610612737,Hawks,14,East,8.357142857142858,-0.11202767873706067,0.74609375,0.2059738270232518
2005,1610612750,Timberwolves,14,West,10.764705882352942,-0.041868700096955064,0.7142857142857143,0.1872429597799539
2005,1610612752,Knicks,15,East,11.368421052631579,,0.771575613618369,0.1836213169836041
2005,1610612757,Trail Blazers,15,West,11.470588235294118,,0.7748058671268335,0.19685487167935942
2006,1610612765,Pistons,1,East,8.933333333333334,,0.7503937007874015,0.19151736178957682
2006,1610612742,Mavericks,1,West,8.9375,-0.33261229997042596,0.7314410480349345,0.17276144762353887
2006,1610612739,Cavaliers,2,East,10.0,-0.499999999999992,0.8094575799721836,0.2140183304024843
2006,1610612756,Suns,2,West,7.571428571428571,-0.5512236722576831,0.7306818181818182,0.1923422958674064
2006,1610612759,Spurs,3,West,10.25,,0.7860438292964245,0.1922617364433742
2006,1610612761,Raptors,3,East,9.647058823529411,,0.8160987074030552,0.18553292659610984
2006,1610612762,Jazz,4,West,10.307692307692308,,0.8751937984496124,0.21188915000641445
2006,1610612748,Heat,4,East,10.625,,0.8050108932461874,0.2062252374828113
2006,1610612741,Bulls,5,East,10.357142857142858,,0.8715083798882681,0.20212259170310007
2006,1610612745,Rockets,5,West,9.266666666666667,-0.37572470806036434,0.7357784431137725,0.18898170776513365
2006,1610612743,Nuggets,6,West,9.722222222222221,1.0,0.7478354978354979,0.1697296593484335
2006,1610612751,Nets,6,East,9.928571428571429,,0.8618618618618619,0.21387474617668228
2006,1610612747,Lakers,7,West,11.071428571428571,,0.8775252525252525,0.22663769913403933
2006,1610612764,Wizards,7,East,9.4375,,0.8618157543391188,0.17664299197735153
2006,1610612744,Warriors,8,West,10.4,0.16666666666664476,0.7246861924686192,0.16406274047670696
2006,1610612753,Magic,8,East,10.6,,0.8762135922330098,0.2020848851772092
2006,1610612754,Pacers,9,East,11.0,-0.10599978800063044,0.7396013864818024,0.1690208392562024
2006,1610612746,Clippers,9,West,8.11111111111111,-0.16443064257983692,0.7939739413680782,0.15844424232746032
2006,1610612755,76ers,10,East,9.11111111111111,-0.3589864811682945,0.7258248009101251,0.1745687555898225
2006,1610612740,Hornets,10,West,9.533333333333333,-0.14907119849998596,0.7485632183908046,0.2146936103092352
2006,1610612758,Kings,11,West,9.428571428571429,-0.14907119849998599,0.8110047846889952,0.20761856492223388
2006,1610612766,Bobcats,11,East,10.444444444444445,-0.09994377741901261,0.7128347183748845,0.17904964370458798
2006,1610612752,Knicks,12,East,9.2,,0.860832137733142,0.19482408116982183
2006,1610612757,Trail Blazers,12,West,9.8125,-0.03250743565649145,0.7341463414634146,0.18902507776258526
2006,1610612737,Hawks,13,East,9.631578947368421,0.010344786894391021,0.7178606476938175,0.1678131464893653
2006,1610612750,Timberwolves,13,West,10.142857142857142,,0.8118811881188119,0.19464078105729765
2006,1610612749,Bucks,14,East,10.1875,,0.8251748251748252,0.18824179609399255
2006,1610612760,SuperSonics,14,West,7.75,,0.719327731092437,0.18283819987894934
2006,1610612738,Celtics,15,East,10.533333333333333,,0.8276699029126213,0.208897703540231
2006,1610612763,Grizzlies,15,West,9.88888888888889,-0.2842676218074823,0.799687825182102,0.1777865577187322
2007,1610612738,Celtics,1,East,10.466666666666667,-0.23302069121418503,0.7992700729927007,0.1893098860821563
2007,1610612747,Lakers,1,West,10.105263157894736,-0.16794782774075515,0.7224857685009488,0.16701184826002133
2007,1610612765,Pistons,2,East,10.11111111111111,,0.7365537848605578,0.15511610148290714
2007,1610612740,Hornets,2,West,9.5,,0.7633928571428571,0.16730304755830597
2007,1610612759,Spurs,3,West,9.7,,0.7752808988764045,0.15508500429516217
2007,1610612753,Magic,3,East,8.5,-0.1037472593219032,0.6753445635528331,0.16482833115104076
2007,1610612762,Jazz,4,West,9.866666666666667,,0.8775510204081632,0.18681072564682244
2007,1610612739,Cavaliers,4,East,8.91304347826087,-0.246053239548759,0.6756756756756757,0.14587145753831665
2007,1610612745,Rockets,5,West,8.619047619047619,-0.0376087626885086,0.6897386253630203,0.15027484338709482
2007,1610612764,Wizards,5,East,9.153846153846153,,0.8721804511278195,0.22046899299742004
2007,1610612761,Raptors,6,East,9.176470588235293,,0.7415730337078652,0.18058335843944875
2007,1610612756,Suns,6,West,8.75,-0.0838920208071065,0.7003034901365706,0.17814351882629534
2007,1610612755,76ers,7,East,8.666666666666666,,0.7946735395189003,0.19585845432479906
2007,1610612742,Mavericks,7,West,10.15,-0.1848053177386427,0.7380330722367275,0.1515127982556046
2007,1610612743,Nuggets,8,West,8.176470588235293,-0.0870256432730881,0.7298325722983258,0.1668876509401742
2007,1610612737,Hawks,8,East,8.375,,0.6815286624203821,0.17499134098644636
2007,1610612754,Pacers,9,East,10.0625,,0.801219512195122,0.19063743266831162
2007,1610612744,Warriors,9,West,9.352941176470589,0.12192725349171608,0.7740506329113924,0.17205146376107266
2007,1610612751,Nets,10,East,10.31578947368421,-0.07922647534484124,0.6736745886654479,0.16162229018058458
2007,1610612757,Trail Blazers,10,West,8.071428571428571,,0.8079399141630901,0.20186802836382964
2007,1610612741,Bulls,11,East,9.736842105263158,-0.4029509403011742,0.7553488372093023,0.17073540915082677
2007,1610612758,Kings,11,West,7.842105263157895,-0.13542203151661275,0.702683615819209,0.15954247711572495
2007,1610612746,Clippers,12,West,9.6,0.08158953100989935,0.7351190476190477,0.1564674857452525
2007,1610612766,Bobcats,12,East,9.666666666666666,-0.16666666666674562,0.7601115760111576,0.17834811417817667
2007,1610612749,Bucks,13,East,10.571428571428571,,0.831081081081081,0.21908138683106854
2007,1610612750,Timberwolves,13,West,9.8125,-0.5,0.7993630573248408,0.184351917645993
2007,1610612752,Knicks,14,East,9.933333333333334,,0.8331193838254172,0.20222352205406804
2007,1610612763,Grizzlies,14,West,9.631578947368421,-0.1911386866486658,0.6626506024096386,0.16366180162024724
2007,1610612760,SuperSonics,15,West,7.714285714285714,-0.2307807855135517,0.7306733167082294,0.14548952109636537
2007,1610612748,Heat,15,East,10.227272727272727,-0.22024929069499252,0.603672532517215,0.16088310344651155
2008,1610612739,Cavaliers,1,East,8.533333333333333,-0.5707912547915295,0.711892797319933,0.195806840757498
2008,1610612747,Lakers,1,West,9.3125,,0.7834036568213784,0.19057295273387898
2008,1610612738,Celtics,2,East,10.1875,,0.8058194774346793,0.18308906490925403
2008,1610612743,Nuggets,2,West,8.352941176470589,-0.3860205951495772,0.804416403785489,0.17109013045647575
2008,1610612753,Magic,3,East,9.3125,-0.6192562158505678,0.7213001383125864,0.18596419086390792
2008,1610612759,Spurs,3,West,9.0,,0.7482587064676617,0.15056657467220844
2008,1610612737,Hawks,4,East,8.133333333333333,0.28388935467809945,0.7797397769516728,0.18446155569545333
2008,1610612757,Trail Blazers,4,West,7.571428571428571,,0.8015021459227468,0.1996054333458895
2008,1610612745,Rockets,5,West,9.470588235294118,,0.8618881118881119,0.17518133869877747
2008,1610612748,Heat,5,East,9.277777777777779,0.17003401020341294,0.7174969623329283,0.17017953390583826
2008,1610612742,Mavericks,6,West,8.75,-0.31341229105837987,0.6656760772659732,0.177123874314695
2008,1610612755,76ers,6,East,9.153846153846153,,0.7927063339731286,0.223796713217627
2008,1610612740,Hornets,7,West,9.6,inf,0.7426367461430575,0.19015525143028392
2008,1610612741,Bulls,7,East,9.263157894736842,,0.7665245202558635,0.17428160486706715
2008,1610612762,Jazz,8,West,10.333333333333334,,0.812958435207824,0.20715941008421626
2008,1610612765,Pistons,8,East,8.933333333333334,,0.8829113924050633,0.19506176547128914
2008,1610612754,Pacers,9,East,10.714285714285714,,0.8414473684210526,0.22512419842754314
2008,1610612756,Suns,9,West,9.470588235294118,-0.08348472840046556,0.7259073842302879,0.17689468618221407
2008,1610612744,Warriors,10,West,11.176470588235293,,0.8347107438016529,0.20273698951230423
2008,1610612766,Bobcats,10,East,9.565217391304348,-0.13014049900045777,0.5925349922239502,0.13158880096417916
2008,1610612750,Timberwolves,11,West,9.9375,-0.08234633420581357,0.7727272727272727,0.19215267869444025
2008,1610612751,Nets,11,East,9.2,-0.30243346274904775,0.7316341829085458,0.20747831019357119
2008,1610612749,Bucks,12,East,11.117647058823529,,0.8121495327102803,0.18252793832592215
2008,1610612763,Grizzlies,12,West,9.714285714285714,,0.845679012345679,0.20664042857794643
2008,1610612760,Thunder,13,West,10.578947368421053,-0.13238958348646823,0.6913632514817951,0.1582445529682858
2008,1610612761,Raptors,13,East,8.473684210526315,0.37580212221335724,0.7075351213282248,0.15855311533484767
2008,1610612746,Clippers,14,West,11.210526315789474,-0.0024963621225889245,0.7264437689969605,0.1731897293355456
2008,1610612752,Knicks,14,East,8.052631578947368,-0.34752615797560993,0.6573472041612484,0.15890797137754353
2008,1610612758,Kings,15,West,9.45,-0.5116206071440911,0.6889908256880733,0.16494622372180684
2008,1610612764,Wizards,15,East,10.294117647058824,-0.13613237115473842,0.751342642320086,0.170587031101498
2009,1610612747,Lakers,1,West,10.153846153846153,,0.8634185303514377,0.2205283802974632
2009,1610612739,Cavaliers,1,East,9.470588235294118,-0.32461722703212265,0.7799525504151839,0.19050617305097198
2009,1610612742,Mavericks,2,West,9.88888888888889,-0.0776234215161825,0.650875386199794,0.16145214346664494
2009,1610612753,Magic,2,East,9.916666666666666,,0.9123134328358209,0.2531778579010368
2009,1610612737,Hawks,3,East,7.928571428571429,-0.37851664930511264,0.7810526315789473,0.19151704336298958
2009,1610612756,Suns,3,West,7.733333333333333,-0.6581520558317802,0.7635658914728682,0.1846438117879886
2009,1610612738,Celtics,4,East,9.833333333333334,,0.7962555066079295,0.15905728791547036
2009,1610612743,Nuggets,4,West,9.538461538461538,,0.8547237076648841,0.2230209655993876
2009,1610612762,Jazz,5,West,10.733333333333333,,0.8397435897435898,0.19667566203349962
2009,1610612748,Heat,5,East,8.466666666666667,,0.785234899328859,0.20132308037343988
2009,1610612749,Bucks,6,East,9.88888888888889,-0.13709804571380693,0.7243523316062176,0.18524762138568898
2009,1610612757,Trail Blazers,6,West,8.833333333333334,-0.29273043295610135,0.700363196125908,0.18090646433388588
2009,1610612759,Spurs,7,West,9.823529411764707,,0.7651933701657458,0.18200998921245287
2009,1610612766,Bobcats,7,East,9.157894736842104,-0.3034008488243164,0.6893854748603352,0.15771636364691236
2009,1610612741,Bulls,8,East,9.11111111111111,-0.15554456799107028,0.7405778894472361,0.16684999156583655
2009,1610612760,Thunder,8,West,7.411764705882353,-0.15768376767473763,0.6003490401396161,0.16042024012718134
2009,1610612745,Rockets,9,West,8.0,-0.32093893430524106,0.6264705882352941,0.14191328286925164
2009,1610612761,Raptors,9,East,10.066666666666666,,0.8178973717146433,0.1969967503865032
2009,1610612754,Pacers,10,East,11.133333333333333,,0.9044444444444445,0.20428083653358844
2009,1610612763,Grizzlies,10,West,8.235294117647058,-0.28456636668447494,0.6963470319634704,0.15254205599779727
2009,1610612752,Knicks,11,East,9.2,-0.33849807130983584,0.6580773042616452,0.1479599557247905
2009,1610612740,Hornets,11,West,9.625,,0.7738562091503268,0.19285826490367616
2009,1610612765,Pistons,12,East,11.285714285714286,,0.8863095238095238,0.23064050532038613
2009,1610612746,Clippers,12,West,10.222222222222221,-0.2000000000000023,0.7290615539858728,0.16407486315514788
2009,1610612755,76ers,13,East,10.466666666666667,,0.8487394957983193,0.21801288905563593
2009,1610612744,Warriors,13,West,10.3,-0.13796406519136495,0.6800699300699301,0.16838857971814397
2009,1610612758,Kings,14,West,9.3,-0.4999999999999999,0.7630522088353414,0.16452698065739021
2009,1610612764,Wizards,14,East,8.875,-0.2623219115911759,0.6325354609929078,0.14695145515749178
2009,1610612751,Nets,15,East,10.411764705882353,-0.05716619504750954,0.7211440245148111,0.18155485646335093
2009,1610612750,Timberwolves,15,West,10.0625,,0.8442240373395566,0.18895458004886945
2010,1610612741,Bulls,1,East,8.533333333333333,,0.8042735042735043,0.19540292391408856
2010,1610612759,Spurs,1,West,7.65,,0.7469050894085282,0.15515920890078883
2010,1610612747,Lakers,2,West,7.375,-0.43915503282683943,0.7231075697211156,0.17554545833278207
2010,1610612748,Heat,2,East,9.352941176470589,-0.5,0.742749054224464,0.17556131436990427
2010,1610612738,Celtics,3,East,9.714285714285714,-0.15379563817054526,0.6152482269503546,0.13785906073022694
2010,1610612742,Mavericks,3,West,9.722222222222221,-0.356753034006339,0.6963157894736842,0.16171222252116835
2010,1610612753,Magic,4,East,10.352941176470589,0.0,0.7313186813186813,0.17497459380699706
2010,1610612760,Thunder,4,West,7.944444444444445,-2.275674026470403e-15,0.6349924585218703,0.15773153360119746
2010,1610612737,Hawks,5,East,9.882352941176471,,0.8071005917159764,0.16411600337212356
2010,1610612743,Nuggets,5,West,10.368421052631579,-0.3613572969308877,0.7040643522438611,0.17396112268292338
2010,1610612752,Knicks,6,East,9.3,-0.231492086188923,0.6842105263157895,0.15318940291958266
2010,1610612757,Trail Blazers,6,West,7.833333333333333,-0.14285714285714285,0.6847662141779789,0.15272968402304812
2010,1610612740,Hornets,7,West,8.631578947368421,-0.34689095308659323,0.7108886107634543,0.15671556998586364
2010,1610612755,76ers,7,East,7.866666666666666,,0.7915057915057915,0.2004915332001393
2010,1610612754,Pacers,8,East,10.733333333333333,,0.8265179677819083,0.20233701564330944
2010,1610612763,Grizzlies,8,West,8.833333333333334,-0.22382571870421844,0.7171651495448634,0.16625111907629098
2010,1610612745,Rockets,9,West,8.789473684210526,-0.12316927391978354,0.7590579710144928,0.15359113462050097
2010,1610612749,Bucks,9,East,10.4375,,0.7870680044593088,0.20958073335276844
2010,1610612756,Suns,10,West,10.0,-0.3628997610262234,0.7092901878914405,0.17782605423807005
2010,1610612766,Bobcats,10,East,10.0,-0.6298581677452543,0.7156580211335255,0.17076930592855283
2010,1610612762,Jazz,11,West,10.764705882352942,,0.8080313418217434,0.16641829109673645
2010,1610612765,Pistons,11,East,10.384615384615385,,0.8762886597938144,0.24455454670887783
2010,1610612744,Warriors,12,West,9.764705882352942,0.09686944100467075,0.6608187134502924,0.16428831681524328
2010,1610612751,Nets,12,East,9.772727272727273,-0.11150101063834107,0.6939212328767124,0.13860214372048277
2010,1610612746,Clippers,13,West,10.529411764705882,-0.11396057645965448,0.7666005946481665,0.17901486096713473
2010,1610612764,Wizards,13,East,9.652173913043478,-0.21602331270541358,0.6702772963604853,0.14533663035255362
2010,1610612758,Kings,14,West,12.0,,0.9275053304904051,0.24442714992114126
2010,1610612761,Raptors,14,East,9.272727272727273,-0.1133988667662256,0.7416137805983681,0.14270541210693222
2010,1610612739,Cavaliers,15,East,11.0,-0.15372471215906053,0.7463295269168027,0.17682185216062346
2010,1610612750,Timberwolves,15,West,10.529411764705882,,0.8219814241486069,0.18339841867247528
2011,1610612759,Spurs,1,West,10.35,,0.8284433577832111,0.1668653098741304
2011,1610612741,Bulls,1,East,10.285714285714286,,0.8521229868228404,0.21400288815737728
2011,1610612760,Thunder,2,West,8.0,0.022911446554080565,0.6308664259927798,0.1730774930142467
2011,1610612748,Heat,2,East,8.875,-0.12435597319808098,0.7093704245973645,0.17984500335121778
2011,1610612747,Lakers,3,West,9.529411764705882,,0.7509179926560587,0.16233997973300487
2011,1610612754,Pacers,3,East,8.666666666666666,,0.8067010309278351,0.18226800030653578
2011,1610612738,Celtics,4,East,10.176470588235293,-0.23997543343876526,0.7320471596998929,0.1736980626365554
2011,1610612763,Grizzlies,4,West,8.6875,-0.10135314580113028,0.7383252818035426,0.1805941316473424
2011,1610612737,Hawks,5,East,10.25,,0.8183371298405467,0.18455876640093205
2011,1610612746,Clippers,5,West,7.833333333333333,0.026136813478454396,0.6598425196850394,0.15492123195223237
2011,1610612743,Nuggets,6,West,10.235294117647058,-0.16592357264391774,0.745385450597177,0.19377337554069604
2011,1610612753,Magic,6,East,9.125,0.05394204695159881,0.7473997028231798,0.17915684115815256
2011,1610612752,Knicks,7,East,10.5625,,0.7346278317152104,0.20144896670101847
2011,1610612742,Mavericks,7,West,9.625,-0.19551963555935045,0.7327690447400241,0.19317312030015418
2011,1610612755,76ers,8,East,8.0625,-0.15819838317462154,0.7406779661016949,0.19323594729025145
2011,1610612762,Jazz,8,West,9.6,,0.7683823529411765,0.18617458711494772
2011,1610612745,Rockets,9,West,7.631578947368421,0.6779076806833005,0.6862891207153502,0.16243110587062912
2011,1610612749,Bucks,9,East,11.235294117647058,,0.832703213610586,0.19365221275819233
2011,1610612756,Suns,10,West,10.461538461538462,,0.8771121351766513,0.21001695569079953
2011,1610612765,Pistons,10,East,10.357142857142858,,0.8370629370629371,0.20677961811195397
2011,1610612757,Trail Blazers,11,West,8.166666666666666,-0.1371688622081131,0.6474719101123596,0.16070615274037742
2011,1610612761,Raptors,11,East,10.722222222222221,-0.2003548376915004,0.7607476635514019,0.18414491018863563
2011,1610612751,Nets,12,East,8.454545454545455,-0.5359949360194763,0.6673306772908366,0.14909943040110343
2011,1610612750,Timberwolves,12,West,11.333333333333334,,0.8515452538631346,0.21261868994117614
2011,1610612744,Warriors,13,West,9.368421052631579,-0.2711630722733306,0.6545643153526971,0.16671053116081516
2011,1610612739,Cavaliers,13,East,9.476190476190476,0.03607892656451612,0.660458452722063,0.1448857584613975
2011,1610612758,Kings,14,West,10.466666666666667,,0.8269230769230769,0.19899950538357933
2011,1610612764,Wizards,14,East,9.55,-0.20960771639478099,0.6515296367112811,0.17909539478817432
2011,1610612740,Hornets,15,West,9.363636363636363,-0.4120357556828694,0.6633790737564322,0.15305108360069986
2011,1610612766,Bobcats,15,East,11.625,,0.8529130850047756,0.2074341445077352
2012,1610612760,Thunder,1,West,8.9375,-0.10050378152592117,0.6709923664122137,0.16930607883874982
2012,1610612748,Heat,1,East,8.529411764705882,,0.7892441860465116,0.1706301728109624
2012,1610612759,Spurs,2,West,11.588235294117647,,0.8637160385626643,0.18787770510992094
2012,1610612752,Knicks,2,East,9.722222222222221,-0.22433477229005783,0.7193717277486911,0.18224880417838643
2012,1610612743,Nuggets,3,West,9.333333333333334,,0.8279816513761468,0.20675779399624833
2012,1610612754,Pacers,3,East,9.0,-0.18749999999999536,0.8067528735632183,0.171773770429552
2012,1610612751,Nets,4,East,9.6,-0.44901325506693607,0.8121301775147929,0.19017538796808872
2012,1610612746,Clippers,4,West,8.933333333333334,,0.8006535947712419,0.2022630693155305
2012,1610612741,Bulls,5,East,9.571428571428571,,0.8176751592356688,0.2107576900796544
2012,1610612763,Grizzlies,5,West,9.368421052631579,-0.31606696808878726,0.7008639308855291,0.16624679833493736
2012,1610612737,Hawks,6,East,11.705882352941176,0.08058229640251774,0.7915567282321899,0.17018508809339522
2012,1610612744,Warriors,6,West,7.9411764705882355,,0.788107202680067,0.15203378744631668
2012,1610612738,Celtics,7,East,8.842105263157896,-0.2750095491084634,0.740909090909091,0.15838094970373962
2012,1610612747,Lakers,7,West,9.1875,-0.05065307169958123,0.7744827586206896,0.19098896137149254
2012,1610612745,Rockets,8,West,10.6,-0.1349066532967817,0.7355687606112055,0.15877719396564777
2012,1610612749,Bucks,8,East,10.333333333333334,-0.04777854196380765,0.7378109452736319,0.1769918530984938
2012,1610612755,76ers,9,East,10.117647058823529,-0.1538603305293941,0.77007700770077,0.177658661767988
2012,1610612762,Jazz,9,West,10.0,,0.8449275362318841,0.21603662289600703
2012,1610612742,Mavericks,10,West,9.666666666666666,-0.1705977984837316,0.695957095709571,0.1522819578809491
2012,1610612761,Raptors,10,East,11.777777777777779,-0.09646290258676117,0.7923519736842105,0.19030656340792518
2012,1610612765,Pistons,11,East,11.0625,-0.09759000729485331,0.7889713679745494,0.2022596961053545
2012,1610612757,Trail Blazers,11,West,11.066666666666666,,0.855080831408776,0.1838779326620515
2012,1610612764,Wizards,12,East,11.31578947368421,-0.14484136487557378,0.8132763975155279,0.17839689227207106
2012,1610612750,Timberwolves,12,West,9.444444444444445,-0.22309969830357226,0.7188940092165899,0.17915532601127368
2012,1610612739,Cavaliers,13,East,10.894736842105264,-0.13343689715703902,0.739406779661017,0.17875750445454938
2012,1610612758,Kings,13,West,11.705882352941176,,0.8390756302521009,0.18377810038619294
2012,1610612766,Bobcats,14,East,10.333333333333334,,0.7801418439716312,0.18684192991252047
2012,1610612740,Hornets,14,West,9.222222222222221,,0.7828106852497096,0.16863477131493543
2012,1610612753,Magic,15,East,11.5,-0.18993429409939658,0.7937925170068028,0.18213203973230735
2012,1610612756,Suns,15,West,11.0625,,0.8075742067553736,0.19597421897343964
2013,1610612754,Pacers,1,East,9.31578947368421,,0.7356512141280354,0.14589841521770996
2013,1610612759,Spurs,1,West,9.173913043478262,0.4490502093697089,0.8102880658436215,0.14125196235214083
2013,1610612760,Thunder,2,West,8.05,,0.7109283196239718,0.13803535342975884
2013,1610612748,Heat,2,East,9.4,-0.419313934688767,0.7361720807726075,0.1484372434716743
2013,1610612761,Raptors,3,East,9.181818181818182,-0.026100084662965546,0.6717703349282297,0.13383960983741092
2013,1610612746,Clippers,3,West,9.181818181818182,-0.4070400951821518,0.6511423550087874,0.13862081252342173
2013,1610612741,Bulls,4,East,8.61111111111111,-0.16319945732048005,0.7540106951871658,0.16450669549031083
2013,1610612745,Rockets,4,West,9.842105263157896,-0.13954401494178922,0.7302452316076294,0.15831066247921444
2013,1610612757,Trail Blazers,5,West,9.38888888888889,0.9999999999999958,0.8327444051825678,0.14966615956535037
2013,1610612764,Wizards,5,East,10.210526315789474,-0.4163618257527948,0.7109800362976406,0.15051687644753917
2013,1610612751,Nets,6,East,11.181818181818182,-0.12278837369547976,0.7287917737789203,0.15424937459133548
2013,1610612744,Warriors,6,West,8.55,-0.23688843787284158,0.7273823884197829,0.13763751975621583
2013,1610612763,Grizzlies,7,West,10.9,,0.8246013667425968,0.1655487115081835
2013,1610612766,Bobcats,7,East,10.529411764705882,,0.7725856697819314,0.17552200592663358
2013,1610612737,Hawks,8,East,9.272727272727273,-0.13285607175940986,0.7646801051709027,0.1424931510042352
2013,1610612742,Mavericks,8,West,8.35,0.2738505585153088,0.75,0.1465714650800805
2013,1610612752,Knicks,9,East,8.909090909090908,-0.3166695979503284,0.6746323529411765,0.144066181935332
2013,1610612756,Suns,9,West,9.210526315789474,-0.26532259824178006,0.6845372460496614,0.15440807614139263
2013,1610612739,Cavaliers,10,East,8.91304347826087,-0.3294592331429385,0.6557724957555179,0.15155050872623077
2013,1610612750,Timberwolves,10,West,9.368421052631579,0.32998316455372106,0.7116402116402116,0.14113435112052963
2013,1610612743,Nuggets,11,West,11.705882352941176,0.024397501823726794,0.8159457167090755,0.1902320610775251
2013,1610612765,Pistons,11,East,10.266666666666667,,0.7847043701799485,0.18917472179509331
2013,1610612738,Celtics,12,East,9.65,0.37818779029488897,0.7362534948741846,0.16220879592672663
2013,1610612740,Pelicans,12,West,9.857142857142858,0.5144957554275268,0.7154150197628458,0.15558551398658463
2013,1610612753,Magic,13,East,9.15,0.36650833306891567,0.7404692082111437,0.16145920712043232
2013,1610612758,Kings,13,West,9.48,0.05565032037797867,0.6885304659498208,0.12896822958025322
2013,1610612747,Lakers,14,West,11.090909090909092,-0.13230543229754482,0.7895277207392197,0.15495608542218678
2013,1610612755,76ers,14,East,8.206896551724139,-0.27032829194352753,0.5732507288629738,0.10445028011115924
2013,1610612749,Bucks,15,East,10.666666666666666,,0.7473423104181431,0.1610660762877297
2013,1610612762,Jazz,15,West,8.636363636363637,-0.1763219050003117,0.6413155190133607,0.13664878257643895
2014,1610612737,Hawks,1,East,10.444444444444445,,0.8112858464384829,0.1620896824717368
2014,1610612744,Warriors,1,West,10.105263157894736,,0.741674595623216,0.15672321612648127
2014,1610612745,Rockets,2,West,10.173913043478262,-0.10702227971886483,0.6592670894996476,0.14443322799427313
2014,1610612739,Cavaliers,2,East,9.391304347826088,-0.023998320176381732,0.6685950413223141,0.14109760407971655
2014,1610612741,Bulls,3,East,9.333333333333334,,0.8884057971014493,0.20085398361399492
2014,1610612746,Clippers,3,West,9.904761904761905,-0.1567921376504655,0.6496844003606853,0.12829306235936452
2014,1610612757,Trail Blazers,4,West,10.85,,0.7919847328244275,0.15460507297081405
2014,1610612761,Raptors,4,East,8.529411764705882,-0.1915513355696771,0.6920289855072463,0.1833735721996211
2014,1610612763,Grizzlies,5,West,9.217391304347826,-0.008769861311138544,0.7383333333333333,0.13444983459348514
2014,1610612764,Wizards,5,East,10.142857142857142,-0.19068163329501858,0.7092731829573935,0.1463770938723974
2014,1610612759,Spurs,6,West,11.052631578947368,0.25125945381480763,0.7658380112269446,0.1745531467142988
2014,1610612749,Bucks,6,East,10.818181818181818,-0.290858783150615,0.6857523302263648,0.15479815644251754
2014,1610612738,Celtics,7,East,9.96,0.22577507630206647,0.6794790343074968,0.13135490353506504
2014,1610612742,Mavericks,7,West,10.545454545454545,-0.06419703418088481,0.7022760646108663,0.14414139528907952
2014,1610612751,Nets,8,East,9.80952380952381,-0.5773502691896257,0.6950043821209465,0.15230493116049115
2014,1610612740,Pelicans,8,West,9.12,0.18543609292852095,0.740650406504065,0.1176825188998519
2014,1610612754,Pacers,9,East,10.157894736842104,-0.07303629004633458,0.8436936936936937,0.17632100587628832
2014,1610612760,Thunder,9,West,10.958333333333334,-0.17849057537423146,0.7021343377275581,0.14123519746158728
2014,1610612748,Heat,10,East,10.5,,0.6886020151133502,0.1456576625337209
2014,1610612756,Suns,10,West,8.625,-0.4766260050548255,0.7020335985853228,0.13548955576486424
2014,1610612766,Hornets,11,East,11.333333333333334,,0.7944038929440389,0.18075938510814002
2014,1610612762,Jazz,11,West,8.833333333333334,0.0013401057704132233,0.6691176470588235,0.12785251661650412
2014,1610612743,Nuggets,12,West,11.173913043478262,0.619268061550524,0.7549882629107981,0.1487125977726838
2014,1610612765,Pistons,12,East,9.5,-0.10691715043096367,0.6760752688172043,0.149691849726517
2014,1610612758,Kings,13,West,9.0,,0.8301787592008412,0.15725013226609735
2014,1610612753,Magic,13,East,12.466666666666667,,0.8967889908256881,0.19249566341325583
2014,1610612747,Lakers,14,West,9.863636363636363,0.4296595351133357,0.7507987220447284,0.15145596337499956
2014,1610612755,76ers,14,East,11.482758620689655,-0.25027571236783386,0.6537086684539768,0.12452546495948599
2014,1610612752,Knicks,15,East,12.681818181818182,-0.3354101966249873,0.7854872881355932,0.178865999178529
2014,1610612750,Timberwolves,15,West,10.74074074074074,-0.09812544962062612,0.6596968112911658,0.1381227024582809
2015,1610612739,Cavaliers,1,East,9.16,0.7786092347239922,0.6738449490994518,0.12018643023145364
2015,1610612744,Warriors,1,West,9.25,-0.07519925276840513,0.8120603015075377,0.14504885146115604
2015,1610612759,Spurs,2,West,11.0,-0.49999999999999956,0.8001392757660167,0.14692530499239945
2015,1610612761,Raptors,2,East,8.631578947368421,0.1512612291275962,0.7243816254416962,0.16769762034758218
2015,1610612748,Heat,3,East,8.6,0.3936290660455578,0.7283236994219653,0.1259801362867664
2015,1610612760,Thunder,3,West,9.166666666666666,-0.31047575362893437,0.7445175438596491,0.15458071941061735
2015,1610612737,Hawks,4,East,9.952380952380953,0.3058876451607483,0.7751677852348994,0.14212294521156407
2015,1610612746,Clippers,4,West,10.555555555555555,,0.7776217228464419,0.16012407188612776
2015,1610612738,Celtics,5,East,9.555555555555555,0.3333333333333333,0.8068432671081678,0.1665063227244329
2015,1610612757,Trail Blazers,5,West,8.833333333333334,,0.7332912988650694,0.17058735554109525
2015,1610612742,Mavericks,6,West,9.904761904761905,-0.534784741833081,0.6837301587301587,0.15441516485060436
2015,1610612766,Hornets,6,East,9.6,0.03242426324168646,0.7365491651205937,0.1631572116897291
2015,1610612754,Pacers,7,East,9.944444444444445,,0.8620320855614974,0.17066501601594222
2015,1610612763,Grizzlies,7,West,9.066666666666666,-0.09511749736230475,0.5923734385272846,0.11169940656658488
2015,1610612745,Rockets,8,West,10.0,0.25465553919157974,0.7305411415863603,0.14509335867391354
2015,1610612765,Pistons,8,East,9.0,-0.10337139754084666,0.724,0.1562814424377399
2015,1610612741,Bulls,9,East,11.470588235294118,,0.8370635631154879,0.18892002413207032
2015,1610612762,Jazz,9,West,9.61111111111111,,0.8345626975763962,0.1779556940608663
2015,1610612758,Kings,10,West,10.0,,0.8596287703016241,0.19884700905431804
2015,1610612764,Wizards,10,East,8.75,-0.0967296715207788,0.6416735708367854,0.13375587590107477
2015,1610612743,Nuggets,11,West,9.958333333333334,-0.11240508850618643,0.7443342776203966,0.1364765360274933
2015,1610612753,Magic,11,East,9.904761904761905,-0.5000000000000003,0.7831423895253683,0.15191846534606956
2015,1610612740,Pelicans,12,West,10.076923076923077,-0.20327617291960567,0.7243296272073251,0.12042176919723586
2015,1610612749,Bucks,12,East,9.095238095238095,,0.7804410354745925,0.1420644098745329
2015,1610612750,Timberwolves,13,West,10.222222222222221,-0.373713468693641,0.777120315581854,0.16022544668896047
2015,1610612752,Knicks,13,East,8.944444444444445,,0.8233890214797136,0.17467617776527905
2015,1610612751,Nets,14,East,11.045454545454545,-0.29759170185190864,0.6971024258760108,0.14767662997755807
2015,1610612756,Suns,14,West,9.875,-0.06870784892934106,0.7248062015503876,0.1441494561083375
2015,1610612747,Lakers,15,West,10.555555555555555,,0.7537735849056604,0.18039446516210397
2015,1610612755,76ers,15,East,9.956521739130435,0.11088460713484048,0.7427147239263804,0.14726148684842297
2016,1610612738,Celtics,1,East,10.333333333333334,-0.020482409207100663,0.8161764705882353,0.1714004328550668
2016,1610612744,Warriors,1,West,9.8,1.0,0.8366696997270245,0.14810703521916208
2016,1610612739,Cavaliers,2,East,10.375,-0.1597068688506237,0.6647135416666666,0.12861868807716523
2016,1610612759,Spurs,2,West,11.368421052631579,0.9999999999999961,0.83687106918239,0.16975414677777784
2016,1610612745,Rockets,3,West,9.9,-0.10859353106243302,0.6714550509731233,0.15833625268556178
2016,1610612761,Raptors,3,East,10.1,-0.32127944058564883,0.6955935251798561,0.16432826802494227
2016,1610612746,Clippers,4,West,7.9411764705882355,0.6123724356957952,0.7654516640253566,0.17005270355352742
2016,1610612764,Wizards,4,East,9.2,-0.3002744520436598,0.7352941176470589,0.13463293651362912
2016,1610612737,Hawks,5,East,10.782608695652174,,0.7384868421052632,0.1385103320667537
2016,1610612762,Jazz,5,West,9.15,,0.8229268292682926,0.1556725750214153
2016,1610612749,Bucks,6,East,9.619047619047619,-0.354870817153138,0.7624671916010499,0.15997354468520855
2016,1610612760,Thunder,6,West,10.55,-0.05226207060329042,0.7043889845094664,0.160990207198658
2016,1610612754,Pacers,7,East,9.944444444444445,-0.18107096371691106,0.7796610169491526,0.15500387145104833
2016,1610612763,Grizzlies,7,West,10.523809523809524,-0.49999999999999933,0.7166160849772383,0.14975154310776082
2016,1610612741,Bulls,8,East,11.047619047619047,0.23544919959261998,0.7938108484005564,0.16171765922426923
2016,1610612757,Trail Blazers,8,West,9.166666666666666,,0.7826589595375723,0.17122992199554982
2016,1610612743,Nuggets,9,West,8.833333333333334,0.4181227899436197,0.7892454466608847,0.1393774973333499
2016,1610612748,Heat,9,East,9.631578947368421,-0.06665962278666117,0.7768595041322314,0.17088133738588251
2016,1610612740,Pelicans,10,West,9.285714285714286,-0.27974135565675645,0.6109806224310042,0.11236081242554961
2016,1610612765,Pistons,10,East,9.166666666666666,0.06005279920405236,0.741199478487614,0.1580133396744249
2016,1610612742,Mavericks,11,West,9.407407407407407,-0.14007704994041076,0.6431385423506237,0.12158105984246864
2016,1610612766,Hornets,11,East,8.476190476190476,0.17995268446932058,0.6936736958934517,0.14560331608410823
2016,1610612752,Knicks,12,East,11.666666666666666,,0.8179591836734694,0.17273763637389516
2016,1610612758,Kings,12,West,11.666666666666666,0.0336146322726358,0.7781435154707044,0.17055345228175423
2016,1610612750,Timberwolves,13,West,8.222222222222221,,0.7478693181818182,0.14972637375197076
2016,1610612753,Magic,13,East,8.476190476190476,0.2665929200835826,0.7985651214128036,0.1446243176300652
2016,1610612747,Lakers,14,West,10.863636363636363,,0.7506720430107527,0.15407143086204408
2016,1610612755,76ers,14,East,10.0,-0.04265130887771699,0.6565896739130435,0.15075001391020723
2016,1610612751,Nets,15,East,10.958333333333334,-0.1171524842687678,0.6978609625668449,0.1398420314654466
2016,1610612756,Suns,15,West,9.105263157894736,,0.794341675734494,0.16368076891613292
2017,1610612745,Rockets,1,West,6.884615384615385,0.07882667899244393,0.6814814814814815,0.11276864779306
2017,1610612761,Raptors,1,East,8.19047619047619,0.5513834665075746,0.6961697722567288,0.14388392649817647
2017,1610612738,Celtics,2,East,10.15,0.9853292781642935,0.7848378615249781,0.1545189724422446
2017,1610612744,Warriors,2,West,11.31578947368421,,0.8706521739130435,0.1662529917683391
2017,1610612755,76ers,3,East,9.23076923076923,0.2639909230136107,0.7125350140056023,0.12002991813082636
2017,1610612757,Trail Blazers,3,West,9.444444444444445,,0.7260514018691588,0.16499153079838647
2017,1610612739,Cavaliers,4,East,10.8,-0.06845904708853655,0.6715922798552473,0.13718220246465831
2017,1610612760,Thunder,4,West,8.5,-0.18149659483743125,0.6815020862308763,0.15857243091008544
2017,1610612754,Pacers,5,East,8.421052631578947,-0.32598017000119517,0.6879795396419437,0.1526975792425049
2017,1610612762,Jazz,5,West,9.80952380952381,,0.8157894736842105,0.1490833862131287
2017,1610612740,Pelicans,6,West,8.375,-0.42086855730841083,0.6407156673114119,0.11781047988296611
2017,1610612748,Heat,6,East,9.0,-0.05545118913601511,0.7192095588235294,0.14747117378593505
2017,1610612749,Bucks,7,East,9.571428571428571,0.07233884680451834,0.5929944203347799,0.10981892199856381
2017,1610612759,Spurs,7,West,10.736842105263158,,0.8480851063829787,0.16959902187694284
2017,1610612750,Timberwolves,8,West,8.125,,0.7686440677966102,0.17139489786356704
2017,1610612764,Wizards,8,East,8.842105263157896,0.9244243438237978,0.7302070645554202,0.16004733902614396
2017,1610612743,Nuggets,9,West,10.3,-0.08247580080209113,0.7791111111111111,0.15393638652181985
2017,1610612765,Pistons,9,East,9.521739130434783,-0.5194456550460849,0.7461180124223602,0.14696663516154965
2017,1610612746,Clippers,10,West,10.625,-0.07205305804737445,0.7004232164449818,0.1502314805848023
2017,1610612766,Hornets,10,East,9.263157894736842,0.05001732201680199,0.7083786724700761,0.1592053978983391
2017,1610612747,Lakers,11,West,9.481481481481481,-0.04251111074598084,0.6743269862114248,0.11746948473620986
2017,1610612752,Knicks,11,East,10.652173913043478,-0.041347093031468635,0.7365003417634997,0.1437562328092842
2017,1610612751,Nets,12,East,9.791666666666666,0.1050805569381862,0.6776504297994269,0.13929737913166043
2017,1610612758,Kings,12,West,10.523809523809524,,0.7467232074016962,0.16013581601228316
2017,1610612741,Bulls,13,East,10.818181818181818,-0.17214711505263994,0.7238705327039784,0.1448657316536267
2017,1610612742,Mavericks,13,West,8.615384615384615,0.1818900593762269,0.6210443037974683,0.1260172147898693
2017,1610612753,Magic,14,East,11.095238095238095,,0.7618570474281897,0.1565485410267739
2017,1610612763,Grizzlies,14,West,10.964285714285714,-0.4139036197893272,0.7456008044243339,0.1251965687155702
2017,1610612737,Hawks,15,East,10.92,-0.12091491577484802,0.7336548767416935,0.1377675144678816
2017,1610612756,Suns,15,West,11.304347826086957,-0.19588042826443774,0.7293781725888325,0.1396368519726227
2018,1610612744,Warriors,1,West,10.45,-0.21718637149496395,0.7682926829268293,0.15029058273700216
2018,1610612749,Bucks,1,East,9.884615384615385,-0.14249891522191246,0.6869722557297949,0.12471527194649595
2018,1610612743,Nuggets,2,West,8.2,0.2670156477657497,0.7367424242424242,0.15521697889687755
2018,1610612761,Raptors,2,East,10.32,-0.07124930208564231,0.6524014778325123,0.12274119865907362
2018,1610612755,76ers,3,East,11.178571428571429,-0.2940244294637525,0.648493543758967,0.11510103871881391
2018,1610612757,Trail Blazers,3,West,9.714285714285714,0.42379344841321004,0.7766544117647058,0.14948189217339683
2018,1610612738,Celtics,4,East,8.238095238095237,,0.8181818181818182,0.14667802300659233
2018,1610612745,Rockets,4,West,8.384615384615385,-0.23311856411590412,0.6156045751633987,0.11569616908342803
2018,1610612754,Pacers,5,East,8.25,,0.7616136919315404,0.15269463124481683
2018,1610612762,Jazz,5,West,9.80952380952381,,0.8136752136752137,0.14581836337530343
2018,1610612751,Nets,6,East,9.285714285714286,,0.754207263064659,0.15173367628483106
2018,1610612760,Thunder,6,West,9.941176470588236,,0.7932801822323462,0.16890594390497843
2018,1610612753,Magic,7,East,9.722222222222221,0.9683296637314878,0.7403846153846154,0.15039512517665898
2018,1610612759,Spurs,7,West,9.15,0.4499464844613862,0.7773684210526316,0.1508905562563418
2018,1610612746,Clippers,8,West,9.64,0.31648018906457964,0.6315232722143864,0.13268803376650207
2018,1610612765,Pistons,8,East,9.818181818181818,0.38056330684294,0.7400153609831029,0.13891136147468697
2018,1610612758,Kings,9,West,9.782608695652174,0.2658863315337588,0.7369668246445498,0.13290860823355263
2018,1610612766,Hornets,9,East,10.588235294117647,,0.8542884990253411,0.19510787178042613
2018,1610612747,Lakers,10,West,10.91304347826087,-0.365274838532973,0.6884538818845388,0.13962878524302702
2018,1610612748,Heat,10,East,8.478260869565217,0.6759132677629515,0.7870105062082139,0.14931805725178596
2018,1610612750,Timberwolves,11,West,10.130434782608695,0.18877840043639119,0.7036215816703622,0.13731921032578598
2018,1610612764,Wizards,11,East,9.964285714285714,0.38802310752182373,0.6790657439446367,0.12370897112487679
2018,1610612737,Hawks,12,East,9.875,0.014023438730389044,0.7326435246995995,0.13817815308561818
2018,1610612763,Grizzlies,12,West,11.096774193548388,0.049612155451808124,0.6619209519762006,0.11326739038921295
2018,1610612740,Pelicans,13,West,9.846153846153847,0.05953312588811109,0.763681592039801,0.12927973019893704
2018,1610612741,Bulls,13,East,11.909090909090908,0.024877693123762562,0.7135980746089049,0.16627403162770207
2018,1610612739,Cavaliers,14,East,10.433333333333334,-0.027261870452243684,0.6157791890571568,0.12226780723160509
2018,1610612742,Mavericks,14,West,10.521739130434783,0.5163109291980528,0.7260135135135135,0.16228766840913525
2018,1610612752,Knicks,15,East,11.826086956521738,0.002951513979465816,0.7293980128579778,0.1613029056058925
2018,1610612756,Suns,15,West,10.0,-0.12313675461904941,0.6861631016042781,0.13181130397711258
2019,1610612747,Lakers,1,West,10.041666666666666,-0.10881189402667803,0.6669101533966398,0.1318024284695277
2019,1610612749,Bucks,1,East,11.285714285714286,,0.8284477015323118,0.15441979834889127
2019,1610612746,Clippers,2,West,11.043478260869565,0.6681841765368448,0.7491982039769083,0.1469156413186247
2019,1610612761,Raptors,2,East,8.409090909090908,0.04869572581589749,0.7724750277469479,0.13978528620764474
2019,1610612738,Celtics,3,East,10.65,-0.25819888974716115,0.8085191082802548,0.1498255707234081
2019,1610612743,Nuggets,3,West,9.454545454545455,0.04415454063639814,0.6929895245769541,0.14148838060599037
2019,1610612754,Pacers,4,East,10.11111111111111,-0.3162277660168396,0.8034447821681864,0.16947931564105728
2019,1610612745,Rockets,4,West,8.608695652173912,-0.5244750976184367,0.6584474885844749,0.14337280157959864
2019,1610612760,Thunder,5,West,10.470588235294118,-0.03294217956953939,0.741042345276873,0.19198149409066434
2019,1610612748,Heat,5,East,9.681818181818182,0.5416772435811004,0.713823767178658,0.14475613106022764
2019,1610612755,76ers,6,East,10.904761904761905,,0.7816212438853948,0.15296468043869035
2019,1610612762,Jazz,6,West,9.666666666666666,-0.3194521061767878,0.6560386473429952,0.14154647288441963
2019,1610612751,Nets,7,East,11.291666666666666,-0.1681574310882234,0.6972988843217851,0.12910070983064822
2019,1610612742,Mavericks,7,West,10.173913043478262,-0.2140355500453633,0.7327833572453372,0.13785657137520024
2019,1610612753,Magic,8,East,10.0,-0.1723992906265495,0.7484472049689441,0.1396487488617103
2019,1610612757,Trail Blazers,8,West,9.695652173913043,-0.14290722636913714,0.7086065573770491,0.14209962287179256
2019,1610612763,Grizzlies,9,West,10.083333333333334,,0.7464239271781534,0.13272235456870393
2019,1610612764,Wizards,9,East,11.25925925925926,-0.01746170397492164,0.6190241498275012,0.12779220315804524
2019,1610612766,Hornets,10,East,9.047619047619047,,0.8025793650793651,0.14855567985212875
2019,1610612756,Suns,10,West,10.157894736842104,,0.8971377459749553,0.16992835065898612
2019,1610612759,Spurs,11,West,9.4,-0.09143049258683303,0.7800586510263929,0.16770578255169483
2019,1610612741,Bulls,11,East,9.35,0.08908708063745822,0.7422779922779923,0.16716848351794691
2019,1610612752,Knicks,12,East,11.941176470588236,-0.14008519770818226,0.8471634208298052,0.20073884557422308
2019,1610612758,Kings,12,West,9.958333333333334,-0.137384175024048,0.6394489247311828,0.1360025617057084
2019,1610612765,Pistons,13,East,9.956521739130435,-0.06655173820621009,0.7301770592763664,0.1484345959691785
2019,1610612740,Pelicans,13,West,10.157894736842104,0.9917790736823126,0.8560185185185185,0.17890822764582198
2019,1610612737,Hawks,14,East,10.291666666666666,-0.3726470077643898,0.7090671885192433,0.13704406467722113
2019,1610612750,Timberwolves,14,West,10.92,0.3463501670600825,0.6341107871720116,0.14083695538259133
2019,1610612739,Cavaliers,15,East,8.25,0.31822736945723057,0.6788256227758007,0.1272313282858712
2019,1610612744,Warriors,15,West,10.4,-0.3263216205958628,0.701547987616099,0.14397085137735824
2020,1610612737,Hawks,0,East,12.222222222222221,,0.806340718105424,0.1671472576053698
2020,1610612738,Celtics,0,East,12.095238095238095,-0.26560157774310394,0.695076923076923,0.16125872454107498
2020,1610612739,Cavaliers,0,East,10.785714285714286,-0.2446028596192896,0.6897263810015488,0.12631402807261388
2020,1610612740,Pelicans,0,West,10.5,-0.3877888863877332,0.7103960396039604,0.15641172437269493
2020,1610612741,Bulls,0,East,9.4,-0.6836938836583166,0.6612903225806451,0.13916659273929655
2020,1610612742,Mavericks,0,West,9.227272727272727,0.2035618760677792,0.7131675874769797,0.14141412704451362
2020,1610612743,Nuggets,0,West,12.0,-0.09326396087241648,0.6807065217391305,0.15684816877328872
2020,1610612744,Warriors,0,West,8.904761904761905,0.9999999999999998,0.7729026036644165,0.15257881371810994
2020,1610612745,Rockets,0,West,10.114285714285714,-0.0656422255677108,0.588197699190456,0.11698534037124948
2020,1610612746,Clippers,0,West,9.695652173913043,0.48630663240178507,0.7286609240407205,0.14850046185160828
2020,1610612747,Lakers,0,West,9.947368421052632,0.49999999999999895,0.7098540145985401,0.18051681469961064
2020,1610612748,Heat,0,East,9.91304347826087,-0.15209527868567999,0.6968162083936325,0.1419276189337666
2020,1610612749,Bucks,0,East,9.772727272727273,0.019139798327185556,0.6924703891708968,0.13575283665011637
2020,1610612750,Timberwolves,0,West,10.722222222222221,,0.8870826010544816,0.18591654248457043
2020,1610612751,Nets,0,East,10.538461538461538,0.11268173412286615,0.6980113636363636,0.12877056393422592
2020,1610612752,Knicks,0,East,7.909090909090909,0.9957736368748838,0.7713776722090261,0.13706496898075426
2020,1610612753,Magic,0,East,11.178571428571429,-0.21816069612248967,0.6481195260175168,0.12471427160896056
2020,1610612754,Pacers,0,East,9.142857142857142,0.3984504971469492,0.7306616961789375,0.15443755581269622
2020,1610612755,76ers,0,East,8.782608695652174,-0.42712542555217026,0.7241071428571428,0.13364695932256798
2020,1610612756,Suns,0,West,11.61111111111111,,0.8370253164556962,0.1640714106907638
2020,1610612757,Trail Blazers,0,West,9.882352941176471,,0.7621589561091341,0.1932797901802877
2020,1610612758,Kings,0,West,10.0,-0.10344332362575522,0.6277633289986996,0.12573676309766532
2020,1610612759,Spurs,0,West,10.5,,0.7407407407407407,0.18521245224662145
2020,1610612760,Thunder,0,West,11.16,-0.32205966406443365,0.6870443073471677,0.15379832989607678
2020,1610612761,Raptors,0,East,11.291666666666666,-0.4520123128377679,0.7171474358974359,0.14314513388859554
2020,1610612762,Jazz,0,West,8.578947368421053,0.12076069318254197,0.6397435897435897,0.1556418036085335
2020,1610612763,Grizzlies,0,West,9.619047619047619,0.8582274159441219,0.7973090277777778,0.15160649174049465
2020,1610612764,Wizards,0,East,10.772727272727273,-0.29649972666444335,0.6811492641906096,0.1531116649215693
2020,1610612765,Pistons,0,East,12.909090909090908,0.03205549613287425,0.7387434554973822,0.16183096463709146
2020,1610612766,Hornets,0,East,9.31578947368421,,0.8046153846153846,0.17109234887516223
2021,1610612748,Heat,1,East,9.8,-0.07026989776311053,0.6232511658894071,0.13436420154929257
2021,1610612756,Suns,1,West,9.166666666666666,0.1468998237922177,0.6941747572815534,0.1236948614455156
2021,1610612738,Celtics,2,East,8.846153846153847,0.21574840322752015,0.638867339022498,0.11977957256203513
2021,1610612763,Grizzlies,2,West,9.772727272727273,0.585205735980653,0.8105181747873164,0.1470305933098882
2021,1610612749,Bucks,3,East,9.580645161290322,-0.28867584866666646,0.6087636932707355,0.1054521365819319
2021,1610612744,Warriors,3,West,11.047619047619047,,0.8193504736129905,0.1585769072364367
2021,1610612755,76ers,4,East,8.625,0.07535935565563015,0.7246982358402971,0.13079677734862946
2021,1610612742,Mavericks,4,West,10.518518518518519,0.09782244556775192,0.6667527103768714,0.12608056571843806
2021,1610612762,Jazz,5,West,8.884615384615385,-0.2401697152203792,0.6696495152870992,0.11721680457002298
2021,1610612761,Raptors,5,East,8.73076923076923,-0.18561083727022112,0.6937311178247734,0.11957160199797051
2021,1610612743,Nuggets,6,West,11.19047619047619,-0.36379599630107473,0.7414035087719298,0.1331592800858908
2021,1610612741,Bulls,6,East,9.166666666666666,-0.010735446622216123,0.6595990747879722,0.12772112189123874
2021,1610612751,Nets,7,East,11.8,0.31422882342334857,0.7589061716006021,0.14989829878814093
2021,1610612750,Timberwolves,7,West,10.61111111111111,,0.8326923076923077,0.17176804882647995
2021,1610612739,Cavaliers,8,East,9.068965517241379,0.0012741974038992258,0.7072127139364304,0.11219588376731651
2021,1610612746,Clippers,8,West,10.48,-0.15657261862037877,0.6497915425848719,0.1422341373709428
2021,1610612740,Pelicans,9,West,11.0,-0.046077567758409245,0.7355605889014722,0.14143555779616393
2021,1610612737,Hawks,9,East,8.777777777777779,0.060713231340572126,0.652267818574514,0.11695805081727523
2021,1610612759,Spurs,10,West,10.4,0.42967135456889016,0.763542300669507,0.13496958209399643
2021,1610612766,Hornets,10,East,9.7,,0.7959662288930581,0.15408540023300982
2021,1610612747,Lakers,11,West,9.03448275862069,-0.1685177875794328,0.6867396593673966,0.11725115575827295
2021,1610612752,Knicks,11,East,9.047619047619047,-0.39323929127028373,0.7165094339622642,0.1471514894295942
2021,1610612758,Kings,12,West,9.571428571428571,0.30213157473699803,0.6561916614810205,0.13537160466788448
2021,1610612764,Wizards,12,East,9.44,-0.13943547871067044,0.7247869318181818,0.13867507869941265
2021,1610612754,Pacers,13,East,11.607142857142858,-0.2866357609699138,0.685405643738977,0.1367579078388102
2021,1610612757,Trail Blazers,13,West,10.866666666666667,-0.399979243173094,0.6414165103189493,0.11819755473944737
2021,1610612760,Thunder,14,West,10.592592592592593,-0.26684029939473064,0.6895822316234796,0.14310756537110103
2021,1610612765,Pistons,14,East,10.807692307692308,-0.22710353112714246,0.7470775770456961,0.13398589112940978
2021,1610612745,Rockets,15,West,11.8,,0.7747021723896286,0.1644125516924167
2021,1610612753,Magic,15,East,10.625,0.22056007232592323,0.720508166969147,0.1371906695532801
2022,1610612743,Nuggets,1,West,11.368421052631579,,0.7867924528301887,0.14988741188867763
2022,1610612749,Bucks,1,East,12.043478260869565,-0.11336816159634326,0.7159779614325069,0.14010649461521912
2022,1610612738,Celtics,2,East,8.761904761904763,-0.5376599564084884,0.7263959390862944,0.14433293789947824
2022,1610612763,Grizzlies,2,West,11.526315789473685,0.49999999999999917,0.8022727272727272,0.1799773609887552
2022,1610612758,Kings,3,West,9.318181818181818,-0.21008729641855406,0.7150786308973173,0.13505655171865028
2022,1610612755,76ers,3,East,8.0,-0.01655682112381108,0.6796949475691134,0.11996654800566764
2022,1610612756,Suns,4,West,13.857142857142858,-0.3750000000000021,0.7910484668644906,0.1600334783381248
2022,1610612739,Cavaliers,4,East,9.318181818181818,0.9593136573994401,0.7580101180438449,0.135253534615274
2022,1610612752,Knicks,5,East,8.631578947368421,,0.7702380952380953,0.161330002856689
2022,1610612746,Clippers,5,West,10.84,-0.028458096960942446,0.7336065573770492,0.14101411362120472
2022,1610612751,Nets,6,East,12.041666666666666,0.029145888804088062,0.7615051434759069,0.14959950311710776
2022,1610612744,Warriors,6,West,10.08695652173913,-0.1116530778608148,0.7686230248306998,0.13917626093722002
2022,1610612747,Lakers,7,West,10.03448275862069,0.04474126584500415,0.6383952611739364,0.12000345728887916
2022,1610612748,Heat,7,East,10.782608695652174,-0.21591642711109693,0.6693903205531112,0.1376552550716113
2022,1610612737,Hawks,8,East,8.478260869565217,0.9131082219975071,0.6746871992300288,0.1351087445297247
2022,1610612750,Timberwolves,8,West,10.818181818181818,,0.7493016759776536,0.15483453211132367
2022,1610612740,Pelicans,9,West,9.304347826086957,,0.8176751592356688,0.14120101511730535
2022,1610612761,Raptors,9,East,9.652173913043478,-0.15957677641063983,0.679858934169279,0.13635432520911833
2022,1610612741,Bulls,10,East,7.75,,0.7090909090909091,0.14351354297769553
2022,1610612760,Thunder,10,West,11.681818181818182,,0.8209770114942528,0.16722376236910474
2022,1610612754,Pacers,11,East,10.227272727272727,-0.19390777577857193,0.7277526395173454,0.14721332780633742
2022,1610612742,Mavericks,11,West,10.96,0.011160978342472096,0.7073832790445168,0.13692999798779673
2022,1610612762,Jazz,12,West,10.0,0.2066979892019016,0.6821192052980133,0.12086335773969123
2022,1610612764,Wizards,12,East,11.363636363636363,-0.04887095540143199,0.7915340547422024,0.1425862281695166
2022,1610612753,Magic,13,East,10.782608695652174,0.05490710406665901,0.7757009345794392,0.14564148026096263
2022,1610612757,Trail Blazers,13,West,9.4,-0.19450646149205167,0.6370543541788428,0.11104353148357131
2022,1610612745,Rockets,14,West,9.9,,0.8014505893019039,0.15006778089589973
2022,1610612766,Hornets,14,East,10.904761904761905,,0.7747252747252747,0.15458177534151854
2022,1610612765,Pistons,15,East,10.782608695652174,-0.54599803298143,0.6998152709359606,0.15934000330971101
2022,1610612759,Spurs,15,West,14.0,-0.1365598469071267,0.7678231033168128,0.14736672965477868
2023,1610612738,Celtics,1,East,9.285714285714286,0.15063028375801213,0.737585199610516,0.14187013461598927
2023,1610612760,Thunder,1,West,10.541666666666666,0.41743606489125684,0.721190781049936,0.12815685885681624
2023,1610612743,Nuggets,2,West,9.047619047619047,0.5773502691896258,0.7359882005899705,0.13379781953677491
2023,1610612752,Knicks,2,East,8.444444444444445,-0.005172268118190883,0.6292544570502431,0.12015245010496131
2023,1610612749,Bucks,3,East,9.863636363636363,-0.18557120709926964,0.7809564474807856,0.1370500901578098
2023,1610612750,Timberwolves,3,West,9.5,0.2514389871300879,0.721256038647343,0.1329607609047789
2023,1610612739,Cavaliers,4,East,10.047619047619047,0.8040433068752294,0.814799331103679,0.149333096308565
2023,1610612746,Clippers,4,West,9.454545454545455,-0.018236953188599456,0.6558219178082192,0.13926130659627078
2023,1610612753,Magic,5,East,9.590909090909092,-0.31622776601683855,0.7825520833333334,0.1483200447258216
2023,1610612742,Mavericks,5,West,10.75,-0.18157708801731465,0.715820895522388,0.14361011215913577
2023,1610612754,Pacers,6,East,10.5,,0.8129496402877698,0.15040018574225908
2023,1610612756,Suns,6,West,10.772727272727273,,0.7433898305084746,0.14040142719843632
2023,1610612755,76ers,7,East,10.655172413793103,-0.03671996186038762,0.6654116465863453,0.11375938881927937
2023,1610612740,Pelicans,7,West,9.0,0.3365024867348702,0.7816651904340124,0.13799896024818734
2023,1610612747,Lakers,8,West,9.5,-0.081672578715397,0.7676496872207328,0.12948777504241474
2023,1610612748,Heat,8,East,11.958333333333334,0.29150707305625073,0.7436164669098488,0.14380513269559878
2023,1610612741,Bulls,9,East,9.35,0.6928865096806914,0.76,0.14911640818114696
2023,1610612758,Kings,9,West,8.869565217391305,-0.16666666666666716,0.7777777777777778,0.12979849143631492
2023,1610612744,Warriors,10,West,9.173913043478262,-0.5266483557042952,0.7905352986811481,0.14261974676936948
2023,1610612737,Hawks,10,East,10.95,-0.3333333333333333,0.6953592814371258,0.15780386593807988
2023,1610612751,Nets,11,East,10.954545454545455,-0.15118578920369144,0.7415540540540541,0.1497418778274017
2023,1610612745,Rockets,11,West,10.3,0.49656353316142077,0.7543859649122807,0.15297564578817616
2023,1610612762,Jazz,12,West,11.409090909090908,0.5054872691152773,0.7335075114304376,0.15085873818084355
2023,1610612761,Raptors,12,East,11.387096774193548,-0.09841246019072557,0.6660272804774083,0.1189435768699856
2023,1610612763,Grizzlies,13,West,11.685714285714285,-0.17362586734990806,0.6463734821135543,0.10908627805488166
2023,1610612766,Hornets,13,East,11.321428571428571,-0.06971231871075154,0.6555059523809523,0.126944022562772
2023,1610612759,Spurs,14,West,10.304347826086957,-0.07308544985913826,0.770474879559532,0.1367584169996028
2023,1610612764,Wizards,14,East,10.576923076923077,-0.09404668697487398,0.6788194444444444,0.1224808222086861
2023,1610612765,Pistons,15,East,11.090909090909092,-0.23864519330596287,0.5866249511145875,0.11158159561075945
2023,1610612757,Trail Blazers,15,West,10.666666666666666,-0.3404484152725027,0.701688555347092,0.14137640082423017
